{
  "calibration": [
    {
      "bin": 0,
      "n": 336,
      "avg_reported": 0.024521669153889123,
      "empirical": 0.03571428571428571,
      "ci_lower": 0.01488095238095238,
      "ci_upper": 0.05662202380952382
    },
    {
      "bin": 1,
      "n": 113,
      "avg_reported": 0.15146557635397562,
      "empirical": 0.07964601769911504,
      "ci_lower": 0.044026548672566376,
      "ci_upper": 0.12389380530973451
    },
    {
      "bin": 2,
      "n": 85,
      "avg_reported": 0.24499868282321696,
      "empirical": 0.18823529411764706,
      "ci_lower": 0.10588235294117647,
      "ci_upper": 0.2823529411764706
    },
    {
      "bin": 3,
      "n": 63,
      "avg_reported": 0.3513154640381629,
      "empirical": 0.3968253968253968,
      "ci_lower": 0.2698412698412698,
      "ci_upper": 0.5079365079365079
    },
    {
      "bin": 4,
      "n": 84,
      "avg_reported": 0.4531585337381817,
      "empirical": 0.44047619047619047,
      "ci_lower": 0.33303571428571427,
      "ci_upper": 0.5363095238095239
    },
    {
      "bin": 5,
      "n": 117,
      "avg_reported": 0.558102618382077,
      "empirical": 0.48717948717948717,
      "ci_lower": 0.41004273504273503,
      "ci_upper": 0.5811965811965812
    },
    {
      "bin": 6,
      "n": 100,
      "avg_reported": 0.6461397054205235,
      "empirical": 0.59,
      "ci_lower": 0.48975,
      "ci_upper": 0.69025
    },
    {
      "bin": 7,
      "n": 75,
      "avg_reported": 0.7479537170281276,
      "empirical": 0.64,
      "ci_lower": 0.5466666666666666,
      "ci_upper": 0.7336666666666667
    },
    {
      "bin": 8,
      "n": 22,
      "avg_reported": 0.8488795098510181,
      "empirical": 0.5909090909090909,
      "ci_lower": 0.36363636363636365,
      "ci_upper": 0.7738636363636366
    },
    {
      "bin": 9,
      "n": 5,
      "avg_reported": 0.932105856599355,
      "empirical": 1.0,
      "ci_lower": 1.0,
      "ci_upper": 1.0
    }
  ]
}