filepath,sha256,timestamp
discovery_results/dummy_run/truth_input.json,4c0538090684371cfb9b9d89a0b2ad9a541cfd7b57d65df3b765d30d5a54410e,2025-10-17T02:26:47.918868Z
discovery_results/dummy_run/guardian_input.json,2ae9d1f80af835c05dbbc159f150c26c4729d3c7a30cdf4040127dea7656f4d4,2025-10-17T02:26:47.918868Z
discovery_results/dummy_run/summary.txt,5ed1cc633923711fcb4ddc6bd7d25d4bea3516a471f2ceb31cfac789f473edf8,2025-10-17T02:26:47.918868Z
discovery_results/dummy_run/meaning_input.json,03d25ac5fb07ff1017a02195c687e0cdb9e14bba678274538d264445598028ae,2025-10-17T02:26:47.918868Z
discovery_results/dummy_run/results.csv,91e4bfed5de7d013b8e759c5e9247f290fac31100937a99023b72de381b536cf,2025-10-17T02:26:47.918868Z
tools/guardian_client.py,d0173ee7e6015a6f9b5cbc5aee76f048a96b7d17dc79923e47fe3bda5983c98c
tools/guardian_stub.py,9d9ff78ad72b21175cb20a440c34705591f59a88e270dbff9e05571694c916d5
lab_techs_runner.py,023800186d34d3927203c3f41b7b645a35e5e36747b89ad30425a52f30133ec8
Repro_Test.md,8f837d0a50d1a9594bd94d4ec07c393c1534c98c8b55d5c93c4cb37f9647c30e
OPERATIONAL_STATUS.md,13eef238c59902593b8a2c3eda6ed57c9436b0d3614e8f14eb8f5527ef4067ea
lab_techs_runner.py,77f8468d4651e503ae6b50c5297bac613ee55e278e6b4a5022d56b01c48a3a3f
