{
  "calibration": [
    {
      "bin": 0,
      "n": 336,
      "avg_reported": 0.0225001052833215,
      "empirical": 0.047619047619047616,
      "ci_lower": 0.023809523809523808,
      "ci_upper": 0.07142857142857142
    },
    {
      "bin": 1,
      "n": 118,
      "avg_reported": 0.14663166275155626,
      "empirical": 0.1271186440677966,
      "ci_lower": 0.07627118644067797,
      "ci_upper": 0.19512711864406784
    },
    {
      "bin": 2,
      "n": 84,
      "avg_reported": 0.2503224814500028,
      "empirical": 0.19047619047619047,
      "ci_lower": 0.10714285714285714,
      "ci_upper": 0.2857142857142857
    },
    {
      "bin": 3,
      "n": 61,
      "avg_reported": 0.35377224870706997,
      "empirical": 0.39344262295081966,
      "ci_lower": 0.2459016393442623,
      "ci_upper": 0.5250000000000001
    },
    {
      "bin": 4,
      "n": 94,
      "avg_reported": 0.45253511466768054,
      "empirical": 0.5,
      "ci_lower": 0.4148936170212766,
      "ci_upper": 0.6063829787234043
    },
    {
      "bin": 5,
      "n": 111,
      "avg_reported": 0.5511672238418903,
      "empirical": 0.5765765765765766,
      "ci_lower": 0.4864864864864865,
      "ci_upper": 0.6759009009009009
    },
    {
      "bin": 6,
      "n": 101,
      "avg_reported": 0.6465905292680795,
      "empirical": 0.6534653465346535,
      "ci_lower": 0.5643564356435643,
      "ci_upper": 0.7425742574257426
    },
    {
      "bin": 7,
      "n": 70,
      "avg_reported": 0.7465518949879592,
      "empirical": 0.7,
      "ci_lower": 0.5996428571428571,
      "ci_upper": 0.8142857142857143
    },
    {
      "bin": 8,
      "n": 23,
      "avg_reported": 0.8263990474596473,
      "empirical": 0.6521739130434783,
      "ci_lower": 0.4782608695652174,
      "ci_upper": 0.8260869565217391
    },
    {
      "bin": 9,
      "n": 2,
      "avg_reported": 0.9217894229420429,
      "empirical": 1.0,
      "ci_lower": 1.0,
      "ci_upper": 1.0
    }
  ]
}