{
  "timestamp": "2025-10-05 00:13:46",
  "seed": 202,
  "config": {
    "seed": 202,
    "noise": 0.1
  },
  "python_version": "3.13.7 (v3.13.7:bcee1c32211, Aug 14 2025, 19:10:51) [Clang 16.0.0 (clang-1600.0.26.6)]",
  "platform": "macOS-15.1-arm64-arm-64bit-Mach-O",
  "cwd": "/Users/jordanheckler/conciousness_proxy_sim copy 6",
  "git_commit": null,
  "pip_freeze": [
    "annotated-types==0.7.0",
    "anyio==4.11.0",
    "APScheduler==3.11.0",
    "autograd==1.8.0",
    "autograd-gamma==0.5.0",
    "certifi==2025.8.3",
    "charset-normalizer==3.4.3",
    "click==8.3.0",
    "cloudpickle==3.1.1",
    "contourpy==1.3.3",
    "cycler==0.12.1",
    "fastapi==0.118.0",
    "fonttools==4.60.0",
    "formulaic==1.2.1",
    "fpdf==1.7.2",
    "h11==0.16.0",
    "idna==3.10",
    "interface-meta==1.3.0",
    "Jinja2==3.1.6",
    "joblib==1.5.2",
    "kiwisolver==1.4.9",
    "lifelines==0.30.0",
    "llvmlite==0.45.0",
    "lxml==6.0.2",
    "markdown-it-py==4.0.0",
    "MarkupSafe==3.0.3",
    "matplotlib==3.10.6",
    "mdurl==0.1.2",
    "narwhals==2.6.0",
    "networkx==3.5",
    "numba==0.62.1",
    "numpy==2.3.3",
    "packaging==25.0",
    "pandas==2.3.2",
    "patsy==1.0.1",
    "pillow==11.3.0",
    "psutil==7.1.0",
    "pyarrow==21.0.0",
    "pydantic==2.11.9",
    "pydantic-settings==2.11.0",
    "pydantic_core==2.33.2",
    "pygame==2.6.1",
    "Pygments==2.19.2",
    "pyparsing==3.2.5",
    "python-dateutil==2.9.0.post0",
    "python-dotenv==1.1.1",
    "python-multipart==0.0.20",
    "pytrends==4.9.2",
    "pytz==2025.2",
    "PyYAML==6.0.2",
    "requests==2.32.5",
    "rich==14.1.0",
    "scikit-learn==1.7.2",
    "scipy==1.16.2",
    "seaborn==0.13.2",
    "shap==0.48.0",
    "shellingham==1.5.4",
    "six==1.17.0",
    "slicer==0.0.8",
    "sniffio==1.3.1",
    "sodapy==2.2.0",
    "starlette==0.48.0",
    "statsmodels==0.14.5",
    "threadpoolctl==3.6.0",
    "tqdm==4.67.1",
    "typer==0.19.2",
    "typing-inspection==0.4.1",
    "typing_extensions==4.15.0",
    "tzdata==2025.2",
    "tzlocal==5.3.1",
    "urllib3==2.5.0",
    "uvicorn==0.37.0",
    "websockets==15.0.1",
    "wrapt==2.0.0rc2"
  ]
}