time,step,detector_0,detector_1,detector_2,detector_3,detector_4,detector_5,detector_6,detector_7,detector_8,detector_9
0.0,0,0.0,0.0,0.0,0.0,0.0,0.0,0.0,0.0,0.0,0.0
2.122735500560016e-10,10,0.0,0.0,0.0,0.0,0.0,0.0,0.0,0.0,0.0,0.0
4.245471001120032e-10,20,0.0,0.0,0.0,0.0,0.0,0.0,0.0,0.0,0.0,0.0
6.368206501680048e-10,30,0.0,0.0,0.0,0.0,0.0,0.0,0.0,0.0,0.0,0.0
8.490942002240064e-10,40,7.202509552340451e-16,0.0,0.0,0.0,0.0,0.0,0.0,0.0,0.0,0.0
1.061367750280008e-09,50,7.98207042842149e-11,0.0,0.0,0.0,0.0,0.0,0.0,0.0,0.0,0.0
1.2736413003360096e-09,60,2.6687748638735294e-07,0.0,0.0,0.0,0.0,0.0,0.0,0.0,0.0,0.0
1.4859148503920112e-09,70,0.00015941769710974913,0.0,0.0,0.0,0.0,0.0,0.0,0.0,0.0,0.0
1.6981884004480128e-09,80,0.01682692762087607,2.7474985121591265e-30,0.0,0.0,0.0,0.0,0.0,0.0,0.0,0.0
1.9104619505040146e-09,90,0.2962463176713292,1.038566728558864e-21,0.0,0.0,0.0,0.0,0.0,0.0,0.0,0.0
2.122735500560016e-09,100,0.7904381965088364,7.234421833308114e-16,0.0,0.0,0.0,0.0,0.0,0.0,0.0,0.0
2.3350090506160174e-09,110,0.27812997879688517,1.3757569778353258e-11,0.0,0.0,0.0,0.0,0.0,0.0,0.0,0.0
2.5472826006720192e-09,120,0.010874117899960655,3.69466500653389e-08,2.37106579154247e-46,0.0,0.0,0.0,0.0,0.0,0.0,0.0
2.759556150728021e-09,130,4.0220224017311135e-05,2.326121764662405e-05,1.8200230337816516e-35,0.0,0.0,0.0,0.0,0.0,0.0,0.0
2.9718297007840224e-09,140,1.2820271381193598e-08,0.0033922296193820787,1.729299546178397e-27,0.0,0.0,0.0,0.0,0.0,0.0,0.0
3.184103250840024e-09,150,6.951501992310952e-13,0.10675498238648398,2.7395278693631483e-21,0.0,0.0,0.0,0.0,0.0,0.0,0.0
3.3963768008960256e-09,160,2.2267709739457089e-13,0.6392681099128794,2.272032851310142e-16,3.7654793108338426e-63,0.0,0.0,0.0,0.0,0.0,0.0
3.6086503509520274e-09,170,-1.274134639825561e-14,0.5862016679278804,2.263614695156265e-12,1.6556968588779876e-50,0.0,0.0,0.0,0.0,0.0,0.0
3.820923901008029e-09,180,-2.3754105786627913e-13,0.05661442778501956,5.164436751640083e-09,5.808512792329785e-41,0.0,0.0,0.0,0.0,0.0,0.0
4.03319745106403e-09,190,-3.0611025048685157e-13,0.0003177370093171277,3.374897345407818e-06,3.052940542907172e-33,0.0,0.0,0.0,0.0,0.0,0.0
4.245471001120032e-09,200,-1.9490198100117696e-11,5.9451246054213947e-08,0.0006238273534635097,7.58069951240558e-27,2.04932166647053e-80,0.0,0.0,0.0,0.0,0.0
4.457744551176034e-09,210,-2.691005060073346e-08,-2.298994353279628e-14,0.030563446963218315,1.6843489164413172e-21,2.8206789970730387e-66,0.0,0.0,0.0,0.0,0.0
4.670018101232035e-09,220,-1.1580706188681106e-05,-2.740635719093333e-13,0.35357281148989456,5.313938640915212e-17,1.780511473492497e-55,0.0,0.0,0.0,0.0,0.0
4.882291651288037e-09,230,-0.0014873651380671237,-2.260625483253404e-13,0.7843706248001723,3.6088191378132656e-13,1.4771101812727481e-46,0.0,0.0,0.0,0.0,0.0
5.0945652013440385e-09,240,-0.052872851445763334,-2.053674941478224e-13,0.22059588640238323,7.271722206223368e-10,5.565133114351007e-39,4.915902709571281e-98,0.0,0.0,0.0,0.0
5.30683875140004e-09,250,-0.45577557083948195,-2.0961446823910799e-13,0.002765680609825618,4.886403069709979e-07,1.831947888553392e-32,1.5809266081773666e-82,0.0,0.0,0.0,0.0
5.519112301456042e-09,260,-0.7460746549967835,-3.1088994733783374e-12,1.3723137569669204e-07,0.00010817400349286042,7.941904571029362e-27,1.1669651859156125e-70,0.0,0.0,0.0,0.0
5.731385851512043e-09,270,-0.13599463088863903,-3.7756059957878056e-09,1.011065632055598e-09,0.007464117529862319,6.114863156115384e-22,9.621546609299777e-61,0.0,0.0,0.0,0.0
5.943659401568045e-09,280,-0.0003713158879875884,-1.7496241072516576e-06,-6.085711378437756e-11,0.14573846701174603,1.0835039423971758e-17,3.404076073130992e-52,5.715703475109152e-116,0.0,0.0,0.0
6.155932951624047e-09,290,3.131666336142088e-07,-0.0002782413745850724,-1.4318986154471124e-13,0.6783253363539733,5.6349252235014793e-14,1.0352169132134852e-44,3.925328297165032e-99,0.0,0.0,0.0
6.368206501680048e-09,300,-7.301874942378675e-09,-0.014255574169212679,3.8736443854042813e-13,0.5342593310035836,1.0298825125613283e-10,4.133659026351921e-38,2.5635348564698978e-86,0.0,0.0,0.0
6.5804800517360495e-09,310,3.263572725704266e-10,-0.21124257422196785,-1.0794372730341149e-13,0.026845751778112454,7.072024398864326e-08,2.887123466842374e-32,1.5452891318949267e-75,0.0,0.0,0.0
6.792753601792051e-09,320,-8.817277867798263e-12,-0.7453986517940377,-4.156545736094229e-13,1.0337104942922272e-05,1.8035569373195834e-05,4.3658129734909465e-27,3.714594414374623e-66,3.157829426479098e-134,0.0,0.0
7.005027151848053e-09,330,-3.2837479331021614e-12,-0.41423443338840343,-5.330117880766147e-10,5.227476175975593e-07,0.001631088349235554,1.7075755779633637e-22,7.457948115652114e-58,5.147389816038825e-116,0.0,0.0
7.217300701904055e-09,340,5.738242203281279e-13,-0.007249734570891741,-2.6199664870847234e-07,-1.950426359911635e-08,0.04834029934967218,2.0395379629454562e-18,1.9528164060251895e-50,2.4637068804542716e-102,0.0,0.0
7.429574251960056e-09,350,2.092936620951993e-13,-4.388921582247729e-05,-4.938033422548227e-05,1.2390428960345729e-09,0.4100379458563128,8.675012295348374e-15,8.97370199259512e-44,8.750650653705395e-91,0.0,0.0
7.641847802016059e-09,360,2.3988323995636658e-14,-1.0450486726917266e-07,-0.003387815611285319,-1.444733012250671e-10,0.7690147358117553,1.4656084140863284e-11,8.946988508870088e-38,1.136601848333341e-80,6.635847265565828e-153,0.0
7.85412135207206e-09,370,2.5117975284163453e-14,5.0337694242015364e-08,-0.07756614008275214,1.9023619623401597e-11,0.16490675160221074,1.0239304550163537e-08,2.2746094679579717e-32,1.1855702597288974e-71,3.9850279206589844e-133,0.0
8.06639490212806e-09,380,1.8652967185519828e-13,-4.273024897437039e-09,-0.5099607883407155,-5.923648149649272e-13,-0.0014694766140231127,2.926179156442075e-06,1.683489691916103e-27,1.5874801229792826e-63,1.2291773906978858e-118,0.0
8.278668452184063e-09,390,3.4655256989677716e-13,4.830828054545452e-10,-0.71446580066403,-7.669858257342577e-11,-3.0189749371352204e-05,0.0003291645075025139,4.085956763549201e-23,3.721684063418961e-56,2.1968561927215354e-106,0.0
8.490942002240064e-09,400,2.9597754577417575e-13,-7.176603661391713e-11,-0.08755917692547499,-3.9006156296081553e-08,-8.158991798706285e-07,0.013666031528417104,3.643870928967327e-19,1.9028852197885044e-49,1.3016687347688266e-95,0.0
8.703215552296065e-09,410,4.5614526740712515e-14,9.018696268815191e-12,0.000540917276708157,-8.440412270322394e-06,8.390301657764492e-08,0.1882519695643566,1.3223571501568308e-15,2.4986213350120673e-43,5.906718278231007e-86,1.9604235668702584e-150
8.915489102352068e-09,420,-1.5715312656177433e-13,9.193960683079397e-13,2.1836966953920036e-05,-0.0007343237841888654,-3.2555936112864632e-09,0.7102639473425867,2.0940222759192114e-12,9.568452315181621e-38,3.3619598210916264e-77,3.576674334262996e-135
9.127762652408069e-09,430,-1.1303414848106112e-13,-8.786046508766772e-13,-4.512975748604761e-07,-0.023944440009650153,4.9351716683525265e-11,0.47788118086173836,1.4836673913458252e-09,1.1860051755547501e-32,3.319874417572891e-69,2.856987051789314e-122
9.34003620246407e-09,440,1.0052937649413524e-13,3.1686641235060463e-15,-1.7035085598819688e-07,-0.2604174498068645,-2.2697284410850186e-11,0.0016978147340859819,4.655725629815865e-07,5.21170479876977e-28,7.14852419254103e-62,6.78514544783763e-111
9.552309752520072e-09,450,2.1985703450880392e-13,7.466874077102177e-14,1.428561621807304e-08,-0.7614664756425719,9.78638059180201e-12,0.0005205040923559051,6.2657099565548e-05,8.84014786542086e-24,3.974770298786518e-55,1.1691073374845188e-100
9.764583302576073e-09,460,1.1466999084618817e-13,3.0840161530054885e-14,-7.108566064926456e-10,-0.35403665197450995,-5.794193407628363e-09,2.7936988991703323e-05,0.003430076396521953,6.276772439277363e-20,6.498245906888735e-49,2.4549345449348e-91
9.976856852632076e-09,470,-5.927238465307822e-14,6.67381274849524e-14,4.072069508666075e-11,0.00810535434049617,-1.4034214213842612e-06,1.3108364792971596e-06,0.07018599734163716,2.0013847318117366e-16,3.4629109873274913e-43,8.814540021009796e-83
1.0189130402688077e-08,480,-5.5665259620464806e-14,1.2799358281008065e-13,-2.687436484656177e-11,-0.00020317011211207214,-0.00014861669794606774,-1.7692945963569704e-07,0.4645971432760282,3.0019855170907535e-13,6.548106901769967e-38,6.864168720363177e-75
1.0401403952744078e-08,490,1.575160196941724e-13,1.2354171998850983e-13,1.7219945987394133e-11,-1.7001353406543263e-05,-0.006486531436582046,-1.1255046416513899e-08,0.7447916837476807,2.151885343128429e-10,4.7270532850745526e-33,1.3815780227690423e-67
1.061367750280008e-08,500,3.536772127403641e-13,-5.075071322880446e-15,-7.540502036423967e-12,4.5955860724811723e-07,-0.1064581145839831,4.942598700543495e-09,0.112130009091161,7.301711506765163e-08,1.3923946892579685e-28,8.219376671963692e-61
1.0825951052856082e-08,510,3.1998049499021556e-13,-2.1353117480091029e-13,1.9279379586814298e-12,3.8095051651130355e-07,-0.5601660134306303,-1.1125219685102114e-09,-0.002210968690541247,1.1414248555795313e-05,1.782670018985508e-24,1.6064776967356477e-54
1.1038224602912084e-08,520,1.094781261646896e-13,-3.6831191419482933e-13,1.5454486630352938e-13,-6.468430405773099e-09,-0.674962446879277,-5.972720964732338e-10,-0.0002988306519185859,0.0007867061297379687,1.0526745157901008e-20,1.1235005851717607e-48
1.1250498152968085e-08,530,-3.335303669737216e-14,-3.5605577073916377e-13,-3.3206086753399896e-13,-7.591654596934965e-09,-0.04331885741990323,-2.2862324899325875e-07,-2.729718028790909e-05,0.0223318924802568,3.0132423363203136e-17,3.018056252891598e-43
1.1462771703024086e-08,540,1.8191461334325173e-14,-1.9268596856787517e-13,2.0589826596987244e-13,2.1847856509114924e-09,-0.0012117313268145912,-2.854757099053418e-05,-2.4041383774275502e-06,0.2336318781971309,4.316061090498798e-14,3.3093743348778023e-38
1.1675045253080089e-08,550,1.21979798765638e-13,-2.284465331550504e-14,3.52001510637274e-13,-5.419558775639441e-10,0.00017072960786267572,-0.0015901411002303028,1.7682353819355093e-07,0.7343505657794791,3.1242653017285606e-11,1.5639090112457123e-33
1.188731880313609e-08,560,5.85963282663308e-14,5.285763174993514e-15,1.8054906464348476e-13,1.471166375107189e-10,2.0429886189764648e-05,-0.036704983276789366,7.171482161056278e-08,0.41808949529843076,1.1327994222822478e-08,3.350326706023237e-29
1.209959235319209e-08,570,-1.7540378606359173e-13,-1.2599187031959952e-13,-8.024821605855835e-14,-4.1629876979887584e-11,5.431879272648482e-07,-0.31106311591078356,-1.4346633112071498e-08,-0.01861770617235292,2.0103501146611485e-06,3.414153331434712e-25
1.2311865903248093e-08,580,-3.4329702844555375e-13,-2.8446733651862894e-13,-2.7613933684716784e-13,9.368765711276505e-12,-5.634944036712182e-07,-0.7687760677221268,1.15711270776601e-09,0.0016215255329383696,0.0001683086252897341,1.730033092528082e-21
1.2524139453304094e-08,590,-2.4780808067023447e-13,-3.150801974986296e-13,-3.1858950876263904e-13,1.5540749058930452e-13,-7.09776865312215e-08,-0.2928681107425128,-3.658098610487044e-08,0.00020451781449729354,0.0062873135812493,4.518879611442275e-18
1.2736413003360095e-08,600,2.7086898476470805e-14,-1.9008093739323117e-13,-2.1176957123017833e-13,-1.2173462040729118e-12,2.697244234217479e-08,0.019011388840645804,-5.265882078118777e-06,2.64649164916428e-05,0.09603430623901792,6.220830832541842e-15
1.2948686553416098e-08,610,2.150759865950175e-13,-4.0779873799594546e-14,-3.714399288860774e-14,9.52248968531621e-13,-3.38782689417786e-09,-0.0002853958383720642,-0.0003606678477877345,3.940141999348149e-06,0.5162141553549344,4.540743788039069e-12
1.3160960103472099e-08,620,1.7604699420777515e-13,-2.1914548519367056e-14,1.0051104636084342e-13,1.0024798476006191e-14,-1.3575244169033674e-11,-0.00017072881396648862,-0.011088860314913603,1.0583055353392858e-07,0.7122325800868191,1.7428654438844182e-09
1.3373233653528102e-08,630,3.565633899602902e-14,-1.5524451844860862e-13,1.3535869673620029e-13,-1.504291949315986e-13,1.4636682644253413e-10,-2.616462989829848e-05,-0.13927157440783586,-1.5906328444583304e-07,0.06311556411686861,3.4485063824529e-07
1.3585507203584103e-08,640,-5.118478472615584e-15,-2.997373186553714e-13,7.552655791191487e-14,1.8240426881533677e-13,-5.127788640877266e-11,-2.646472267721299e-06,-0.6053965487589388,2.8299322267422804e-09,-4.412488300996938e-05,3.409375862605251e-05
1.3797780753640104e-08,650,6.37418464606669e-14,-2.931573009598906e-13,-5.038072489763867e-15,2.30033542078039e-13,5.85138888218458e-12,4.4999775300529505e-07,-0.6284222670389212,2.006447098552908e-09,-0.0010984786230470017,0.0016082172963667741
1.4010054303696106e-08,660,7.030330137742168e-14,-1.1654664976626736e-13,-2.1633512609536568e-14,2.1895520737812885e-14,6.960484900681807e-12,2.2435668686619283e-07,-0.003978213762454216,-9.436480129678705e-07,-0.00013556096190764355,0.03374761568272246
1.4222327853752107e-08,670,-8.162356792917478e-14,8.269138304304778e-14,6.277924693003754e-14,-2.177076490154272e-13,-7.1085589701400404e-12,-2.489793410068359e-08,-0.005085367035408749,-7.692820529413294e-05,-2.244118321906329e-05,0.28111686615141224
1.443460140380811e-08,680,-2.472607788880772e-13,1.4497676495194741e-13,2.0613401719990675e-13,-3.4196336944109205e-13,3.57197095523332e-12,-9.303665703452851e-09,0.00066356902313315,-0.003018852096117522,-5.176007054881978e-06,0.7500316837258449
1.464687495386411e-08,690,-2.02578906109612e-13,6.359751791249905e-14,3.154996268198022e-13,-3.069338007256897e-13,-9.59299135775716e-13,4.6939919353336e-09,0.00016027825395962208,-0.05273848602237359,-7.438746102426939e-07,0.3560317957722332
1.4859148503920112e-08,700,6.128043909357715e-14,-1.5935753680821757e-14,3.136191494017876e-13,-1.4699040932703746e-13,-2.69208952199435e-13,-1.4407678887906513e-09,2.9762699328458648e-05,-0.36226370805893915,1.6168242050514723e-07,-0.03393177871416435
1.5071422053976114e-08,710,2.9153805850468046e-13,3.861453657950284e-14,2.0164931451261688e-13,6.028535680741397e-14,2.0800349752055396e-13,4.266928622341568e-10,5.270970966095585e-06,-0.7671096006548596,5.503426268835075e-08,0.0031348190667284553
1.5283695604032117e-08,720,2.4846091181045873e-13,1.9137519049876339e-13,6.467149891195312e-14,2.3549338684181725e-13,-3.7477422446630103e-13,-1.4884405096639108e-10,1.9627958720756637e-07,-0.23181336947284178,-1.8368281121542636e-07,0.0006474134287644726
1.5495969154088116e-08,730,-1.7558262500306845e-14,2.694398719928418e-13,6.660457591465427e-15,3.2172358886283925e-13,-3.1001405164963535e-13,6.478144125769585e-11,-3.3513666229949474e-07,0.025596104485692606,-1.5617135916054083e-05,6.924322583610664e-05
1.570824270414412e-08,740,-2.284920230998975e-13,1.5168636523480446e-13,7.008082228541124e-14,3.009985291573179e-13,2.6839033743656985e-15,-3.0904301930118295e-11,-4.5373020094576825e-08,-0.00019989075105503705,-0.0007562166752058975,1.3592029106457829e-05
1.592051625420012e-08,750,-1.9417068031279594e-13,-9.085886119248335e-14,1.9810551562273753e-13,1.9376083643704568e-13,4.855641803761141e-14,1.391886264835321e-11,3.159140233609879e-08,-0.0006534436370064779,-0.01749250177244446,5.054807924850039e-06
1.613278980425612e-08,760,-5.191196272821183e-15,-2.5801757996414876e-13,2.7618688053057403e-13,5.000587873023337e-14,-9.830388221424711e-14,-4.003536035275363e-12,-4.559564817135936e-09,-0.00012884775334128927,-0.17562378198506168,1.4994083740106956e-06
1.6345063354312124e-08,770,1.1376457713220106e-13,-2.2424851040543082e-13,2.2460069275212573e-13,-6.863786354085746e-14,-2.111583965962421e-13,-6.774651816956013e-14,-1.0119138956787651e-09,-2.7731537132947606e-05,-0.6447428917749257,4.606766201693455e-08
1.6557336904368126e-08,780,7.943124335957432e-14,-5.995832253853466e-14,6.617254256554397e-14,-1.164151263636335e-13,-1.8139553721071086e-13,1.2102738514791072e-12,9.56067029058052e-10,-7.1647671320220984e-06,-0.5757984233998856,-7.080154494955854e-07
1.6769610454424126e-08,790,5.754945599134159e-15,5.747437479497906e-14,-8.872300516812212e-14,-8.304908119200752e-14,-3.2215593228923735e-14,-4.236435142992483e-13,-4.6626408666319e-10,-1.2998629876138347e-06,0.029964996357723744,-4.443140277668309e-05
1.6981884004480128e-08,800,9.277796741238565e-15,4.28959543837303e-14,-1.3652491919510861e-13,-2.488666972912477e-15,1.505971041209332e-13,2.676370228363529e-13,2.01762223972917e-10,2.0463781220878638e-07,-0.010446077947197272,-0.001773342711974604
1.719415755453613e-08,810,4.5739300280500916e-14,-1.617851782075454e-14,-6.987186497024426e-14,6.745044064654462e-14,2.822977959017843e-13,2.440280038634804e-13,-8.432293224128462e-11,1.6491353834004178e-07,0.001679721272358818,-0.035000790793290784
1.740643110459213e-08,820,-1.956733671390883e-15,1.3435040848931061e-14,1.576780380948735e-14,7.479876503949687e-14,3.1753194556907515e-13,-7.463115117079941e-14,3.2876589131043286e-11,-2.2788221986140625e-08,0.00047299274236876926,-0.3145696733507386
1.7618704654648133e-08,830,-1.1938726527011599e-13,1.3314522921824218e-13,1.0338141255453441e-14,3.790021636478769e-15,2.5432906111213174e-13,1.1366841315089128e-13,-9.406723475731489e-12,-1.3405104935613446e-08,7.812982363262754e-05,-1.1235794896168663
1.7830978204704135e-08,840,-1.451673696245575e-13,1.9453099979616758e-13,-1.0693967678237688e-13,-1.1202738264611883e-13,1.218135168236491e-13,3.4708692754618267e-13,-5.471239203955222e-13,7.393561234660035e-09,1.844606326885061e-05,-1.2091848224884558
1.8043251754760135e-08,850,9.623560170081318e-15,7.64528506170753e-14,-2.4078396122721913e-13,-2.0517946214518166e-13,-3.6345505277476206e-14,2.864299293384385e-13,3.1643490056516527e-12,-2.0638798695718238e-09,-1.6530825141671982e-06,-0.11643120664133425
1.8255525304816137e-08,860,2.027697654339027e-13,-1.53193953536444e-13,-2.633214957754214e-13,-2.1699112403389663e-13,-1.776345243063599e-13,7.94939445557269e-14,-2.491549417786626e-12,3.439201016549994e-10,-0.0003975054489532004,0.015694792207710646
1.846779885487214e-08,870,1.9875619822900947e-13,-2.8208631265732103e-13,-1.3099774028689637e-13,-1.3513652036667915e-13,-2.6794520388542096e-13,-4.6167232509675325e-14,5.835538071534776e-13,9.702435552575383e-12,-0.009572098984075227,0.000594796118631712
1.868007240492814e-08,880,-3.375308945992812e-14,-1.7578166813316259e-13,7.007175285659617e-14,-5.100536004029681e-15,-2.888921854907956e-13,-2.4003911107741065e-14,3.95487461102535e-14,-3.567042211194831e-11,-0.1083445302062113,-0.0009659892626198032
1.8892345954984142e-08,890,-2.5218703389543564e-13,7.270290435478679e-14,1.970529134164441e-13,9.627141245829065e-14,-2.4271095011903023e-13,7.539027115700708e-14,-3.8689175869381514e-13,-8.943057325409287e-11,-0.5045059114647346,-8.988442523331499e-05
1.9104619505040145e-08,900,-2.0462276998407916e-13,2.3478198329756653e-13,1.7695728352891455e-13,1.1229908902178827e-13,-1.509671511715082e-13,1.4877132059812807e-13,2.2751669485529445e-14,-1.7403449836818036e-08,-0.7169661774341631,1.746300313087538e-05
1.9316893055096147e-08,910,6.684884940157729e-14,1.8100492307418369e-13,6.907587076607328e-14,4.497688184085199e-14,-5.012467811046653e-14,1.369667932443026e-13,-1.8240879041093792e-13,-1.706343355057831e-06,-0.0642587055783293,8.14135192926642e-06
1.9529166605152147e-08,920,2.6391622438767783e-13,6.44998137056145e-16,-3.1768856776843566e-15,-4.145871443310008e-14,2.260897978186194e-14,4.21459666661313e-14,-3.2546122779356913e-13,-9.422296663927118e-05,0.00916798187315233,1.471631955084447e-07
1.974144015520815e-08,930,1.7140574193960125e-13,-1.1725084130604875e-13,2.302416103208098e-14,-6.675815272309215e-14,3.998511986969536e-14,-9.103480236246539e-14,-9.547984814449453e-14,-0.002803597325696041,0.0041917729146387726,-1.8419461618519717e-06
1.9953713705264152e-08,940,-9.666109393518285e-14,-9.245635420194315e-14,8.649051685740307e-14,7.867735595068205e-15,-1.59516627684402e-15,-2.097062614198653e-13,-6.6964051419741966e-15,-0.042099939076086106,-0.0013989000445568923,2.791288552731241e-06
2.016598725532015e-08,950,-2.390418392928321e-13,-1.3791391064248536e-14,7.283399712404162e-14,1.4558103142110902e-13,-7.876377571883466e-14,-2.758929132371977e-13,-1.6437253834565992e-11,-0.2871351120516717,-0.0004233395062829174,0.00018851806250793718
2.0378260805376154e-08,960,-1.162514690391997e-13,2.3340920430062934e-15,-5.762309910483014e-14,2.5780166159610517e-13,-1.5134951251087126e-13,-2.7425805820186233e-13,-2.996803000779632e-09,-0.7287496593730417,-7.330623265748657e-05,0.004851177621295738
2.0590534355432156e-08,970,1.085330995540905e-13,-3.622011808056679e-14,-2.100612125401895e-13,2.6641258107585743e-13,-1.8018330042683141e-13,-2.1028190087203065e-13,-3.2914047521005964e-07,-0.38907753498514697,-1.6363526434066477e-05,0.06269247695488223
2.0802807905488156e-08,980,1.8409676557849125e-13,-2.4461345466178685e-14,-2.386926590437702e-13,1.644888578730731e-13,-1.4653985904255654e-13,-1.0430885505303808e-13,-2.1098684880907843e-05,0.07220306917179162,-7.498617481882989e-06,0.36302152783707525
2.101508145554416e-08,990,5.830243710745149e-14,7.43519508859958e-14,-9.157173573943528e-14,2.012459397311687e-14,-6.338541811671261e-14,1.6557704480905383e-14,-0.0007602662247462739,-0.01727582329290211,-4.085711855532622e-06,0.7510862541248321
2.122735500560016e-08,1000,-9.596356393907864e-14,1.5292216972213206e-13,1.276960481737496e-13,-7.265652513157771e-14,2.6938081812711422e-14,1.1710139716344675e-13,-0.014593728284524602,0.001179029056366486,-7.662849119543651e-07,0.2607506043263271
2.143962855565616e-08,1010,-1.1250218614797723e-13,8.158178664969504e-14,2.458494497214155e-13,-6.857861855092126e-14,7.509612549832572e-14,-2.374044115092248e-12,-0.13741469453470306,0.0012259361074018484,4.393804770287976e-05,-0.06119046054122439
2.1651902105712163e-08,1020,-1.546006510797418e-14,-1.09173893228856e-13,1.8069467875549634e-13,-5.59295726828819e-15,4.904917194708389e-14,-5.076746789418856e-10,-0.550227398272048,0.00017586257231988172,0.0013810143205229197,0.011040460284986932
2.1864175655768166e-08,1030,5.673565469387117e-14,-2.278944072008123e-13,9.003191584116764e-15,2.904811836713087e-14,-4.3704955126304813e-14,-6.17832035145591e-08,-0.6803400434794047,-3.7834590777316814e-06,0.023006345337012582,0.0015442136649839358
2.2076449205824168e-08,1040,4.041909087070043e-14,-1.2633636300459806e-13,-1.1498384901909868e-13,-2.4194604642514813e-14,-1.579438252078093e-13,-4.525197568428199e-06,-0.015905308608742064,-7.5147957621015644e-06,0.18635333820632063,-0.0010066895613641419
2.2288722755880168e-08,1050,1.5590235740537534e-16,1.155848050003404e-13,-1.1053840408218851e-13,-1.3954949410577314e-13,-2.3545108401191476e-13,-0.00019326987260051838,0.0031976338009588566,-3.030094688825028e-07,0.626332105843981,-0.00033741920339758517
2.250099630593617e-08,1060,1.4229761668474128e-15,2.5460655367178253e-13,-3.4673087230728624e-14,-2.2098302508304624e-13,-2.3785773167301015e-13,-0.004602457382712923,0.006480730062570563,2.382357690281188e-06,0.5954486025165144,-7.10614132662055e-05
2.2713269855992173e-08,1070,1.5211254611762175e-14,1.431086388641389e-13,3.406228741345363e-15,-1.824028722441846e-13,-5.676496234326048e-13,-0.057194977935340785,-0.002726658752683212,1.1654155003355592e-05,-0.048879129757171694,-1.814192675914636e-05
2.2925543406048172e-08,1080,-1.6545445822370848e-14,-1.0629128355931412e-13,-2.864503017573334e-14,-2.5140544875359223e-14,-8.501843305014648e-11,-0.33313845027763805,-0.000596883160855932,0.0003674837177925352,0.015753115346721993,-8.449723729713005e-06
2.3137816956104175e-08,1090,-6.524885058167514e-14,-2.3815833522957957e-13,-5.533969518279022e-14,1.5462484083263316e-13,-1.1330831993473122e-08,-0.7384773897347475,5.234139003042199e-05,0.007637673691662308,-0.009015446830097149,-4.916948863789493e-06
2.3350090506160178e-08,1100,-4.22746673724157e-14,-1.3001318051852857e-13,4.648606645588577e-15,2.3801970324457835e-13,-9.355724723741199e-07,-0.3238898626344673,6.449162284558432e-05,0.08248515265384347,0.0012915746445468013,-2.233833298207498e-06
2.3562364056216177e-08,1110,5.97457449773647e-14,8.848402827144739e-14,1.2279384826715514e-13,1.7877274241318348e-13,-4.651582180588814e-05,0.08315422634406695,2.7539410011554285e-05,0.4109524926548485,0.0008780619119991245,-3.9788467148079847e-07
2.377463760627218e-08,1120,1.1903504996168755e-13,1.8925506084866916e-13,1.7217251846115244e-13,3.796519939988026e-14,-0.0013408601414577536,-0.021894719486724546,8.789174130846329e-06,0.7442075467793025,0.00014403799082430405,2.7237814948156435e-07
2.3986911156328182e-08,1130,3.445432929868198e-14,9.42088922505099e-14,6.468347879732853e-14,-1.3474153253266366e-13,-0.021225975698372875,0.002161844662295582,3.3299731398320485e-06,0.19742990125244073,-8.289634479151023e-07,1.4743715163705487e-07
2.419918470638418e-08,1140,-1.1807203978650335e-13,-6.449554221512384e-14,-1.3121309424674894e-13,-1.4132626936873397e-11,-0.16971424242902014,0.0019691198254407384,9.085751085926021e-05,-0.0633114723143285,-7.096862928449052e-06,-4.692554344692832e-08
2.4411458256440184e-08,1150,-1.4836393448592047e-13,-1.202000124196548e-13,-2.3781343555361134e-13,-2.0368792398546226e-09,-0.5915784078244409,-2.9858010595072086e-05,0.0023303882505130657,0.013019434983900353,-7.341913910272553e-07,-2.5288621710879754e-08
2.4623731806496187e-08,1160,5.780089457324229e-15,-5.0128706085828006e-14,-1.4209187381383898e-13,-1.8742578648396434e-07,-0.6364402217051939,-0.00019219276577711974,0.032337397540336196,0.0018646892541282572,2.204080201436505e-06,1.746741559884302e-08
2.4836005356552186e-08,1170,1.7431607634958545e-13,3.296470671440272e-14,8.075635278359344e-14,-1.0683901473967803e-05,0.02757850619049952,-9.136375812950305e-05,0.22414144624926044,-0.0019660347778695368,2.232140787213304e-06,-2.1968571063173534e-09
2.504827890660819e-08,1180,1.4469171934019165e-13,4.202669256840548e-14,2.3132258210565255e-13,-0.00036525343357626415,-0.004887835819573,-3.626079612277459e-05,0.6588797621552442,-0.0004117551110395307,1.0608008633182177e-06,-2.6626950119733376e-09
2.526055245666419e-08,1190,-6.725404609506434e-14,9.295578817397065e-15,1.6707923236175027e-13,-0.007158070479192017,0.009258124104955006,-1.375062929887181e-05,0.5395835536902044,4.814313480620193e-05,4.7728760069812104e-08,2.364777850587755e-09
2.547282600672019e-08,1200,-2.129769112755323e-13,7.511380751299167e-15,-2.3198616039133033e-12,-0.07520635893106004,-0.0044237442874069475,1.7116947729573032e-05,-0.08017726733018543,5.9757559336694214e-05,-2.204794737798648e-07,-1.26094790665693e-09
2.5685099556776193e-08,1210,-1.0722527424593166e-13,3.436516196861793e-14,-3.600220038630411e-10,-0.37958014991665,-0.0005315124125373487,0.0006620806966518291,0.02435014348585212,2.8236703722478584e-05,-4.214119072619739e-08,5.472075379322055e-10
2.5897373106832196e-08,1220,1.3443863058462675e-13,1.912354863049515e-14,-3.653806349509651e-08,-0.7394716757855809,0.0004073999534397714,0.011459250562811713,-0.012312909211904538,1.0211145696192013e-05,5.236855791335344e-08,-2.177381322148901e-10
2.61096466568882e-08,1230,2.217505297839376e-13,-5.551803489484374e-14,-2.3570328397842194e-06,-0.2583950625087732,0.0002192352722052391,0.10542985076872621,0.0025599386780165998,2.113189658393523e-06,-1.1406750293254907e-09,8.927749400081605e-11
2.6321920206944198e-08,1240,4.29582313230841e-14,-9.9945947539451e-14,-9.3936814165868e-05,0.08860001219653157,7.961232483384908e-05,0.45773884921676566,0.0012816981371260169,-8.862273638314591e-07,-1.2184076121209475e-08,-4.480660362945545e-11
2.65341937570002e-08,1250,-1.90650673136632e-13,-2.9379663671201406e-14,-0.0022262304495571116,-0.02581459461030307,3.0487680207096528e-05,0.7284882919629666,-6.691264476523878e-05,-1.2240886050582355e-06,6.5798506167088e-09,3.035830359162839e-11
2.6746467307056203e-08,1260,-1.9694902687786077e-13,-2.6658118129753414e-13,-0.029702196387074293,0.0032635391224587595,1.8813974572168786e-05,0.13603614485789806,-0.00017028403910311106,-4.99666815447812e-07,-1.196827180010036e-09,-2.5306457664541554e-11
2.6958740857112202e-08,1270,3.27641532182187e-14,-6.24743602999412e-11,-0.2049078938789349,0.002692747362816581,0.0001838198805777308,-0.06088045134677265,-8.644083365795115e-05,9.673575017192219e-08,-7.616677233592228e-10,2.0844980430250924e-11
2.7171014407168205e-08,1280,2.2169089682092794e-13,-6.955882140697104e-09,-0.6276737591943164,-0.000558736404544963,0.003730360641525678,0.014126067296711125,-3.7101242310348045e-05,1.4430183227475048e-07,9.44020269002622e-10,-1.671956240869101e-11
2.7383287957224208e-08,1290,1.4249112202106324e-13,-5.021388795939959e-07,-0.5860930657841342,-0.00047607942852216276,0.04391052541869386,0.0021852379066805545,-1.5765107640256276e-05,-1.8103462338268816e-08,-6.627171908445838e-10,1.1368758643639577e-11
2.7595561507280207e-08,1300,-1.0490780813995606e-13,-2.298981289287517e-05,0.06557301122065823,-0.0001515623432984185,0.26419361163482846,-0.0031190718499561603,-6.065830450871882e-06,-3.436334838905893e-08,3.966405905543392e-10,-5.984905180255919e-12
2.780783505733621e-08,1310,-2.2051025879610795e-13,-0.0006461077429863039,-0.014551141269308596,-3.844937580763065e-05,0.6845689896745853,-0.0002176733228810697,-1.3370315430338553e-06,1.4839371050140599e-08,-2.2807661347008788e-10,1.3884477429024568e-12
2.8020108607392212e-08,1320,-1.302811772496268e-13,-0.01064981866719781,0.01251892958203702,-1.1392891385146355e-05,0.47926175898645784,0.0003565041840016399,5.841120028348034e-07,2.481333194869286e-09,1.3382851452689673e-10,1.0757889017978799e-12
2.8232382157448212e-08,1330,-1.0596844490319911e-11,-0.09620379550693633,-0.006392603435389931,3.7669344329319175e-05,-0.10538627016381252,0.00019366543488801415,7.39776677608859e-07,-5.444504271152967e-09,-8.233540107391812e-11,-2.215584774991437e-12
2.8444655707504214e-08,1340,-1.2968080709214466e-09,-0.4255842562327303,-0.00013781651835756154,0.0011222118770124884,0.0333625492287008,7.504915318774841e-05,1.9752597951588197e-07,3.1443439208880454e-09,5.2466046892466986e-11,9.488101659790849e-13
2.8656929257560217e-08,1350,-1.0375944392286627e-07,-0.731666648122076,0.0009336560582886182,0.016514137498218253,-0.01586373678197598,3.0394986291009646e-05,-1.3781352427884689e-07,-1.0264801741189712e-09,-3.3081618962606125e-11,-1.236832487197105e-13
2.886920280761622e-08,1360,-5.389053673522589e-06,-0.1937829968436574,0.00031096301573651564,0.13147023098056881,0.0041388374656669506,1.4590208114983994e-05,-6.972243611961304e-08,4.206220407249898e-11,1.9421906000628254e-11,-5.634198644716263e-13
2.908147635767222e-08,1370,-0.00017665888458249206,0.088864397785484,3.6382101286848664e-05,0.502436357524148,0.0015115191498562717,7.535367662172793e-06,4.131847139681342e-08,2.389948066210547e-10,-9.635912665205792e-12,2.532880070113201e-13
2.929374990772822e-08,1380,-0.003517096000275839,-0.028712144410100934,-1.2534970172581458e-05,0.7042033119588617,-0.0005492369709890311,3.298339959692817e-06,1.0400425449401523e-08,-2.4472755759131094e-10,2.3134491090087565e-12,2.4802115305485878e-14
2.9506023457784224e-08,1390,-0.04023721500542626,0.004320009137324951,1.043152160352955e-06,0.077639305592418,-0.0003975982579435205,6.58426880711398e-07,-1.5569412125748537e-08,1.8212108041256035e-10,1.9491508455860347e-12,-1.5246948178627177e-13
2.9718297007840224e-08,1400,-0.24256589310236204,0.0033329480636367075,0.0003174513055046252,-0.054389571769594455,-0.00013115166516518783,-4.825768338610278e-07,5.018913582359138e-09,-1.2021433193176368e-10,-3.2541882694163932e-12,-1.014097441096991e-13
2.9930570557896226e-08,1410,-0.6577165467046758,-0.0013850670943251124,0.005699665038479414,0.014144433281984005,-3.4616206324592416e-05,-4.502521055193754e-07,1.3230934021620715e-09,7.493975560887645e-11,2.8119423860422493e-12,-2.099142194126879e-13
3.014284410795223e-08,1420,-0.5302489319619993,-0.0007010925883641179,0.05790944279354501,0.0026081248860802386,-1.1291520666840986e-05,-2.9020303281999124e-08,-2.4802932219798764e-09,-4.376232734026839e-11,-1.0093092323680911e-12,-1.8271185150733888e-13
3.035511765800823e-08,1430,0.09759613206471653,-5.2221841871142216e-05,0.30590729159385865,-0.004370334003036451,-6.8145974826383375e-06,1.2379645263469738e-07,1.7140920407885192e-09,2.2944126094644876e-11,-5.109061175345245e-13,-6.345601970527755e-14
3.0567391208064234e-08,1440,-0.02522754244935976,7.101071046628171e-05,0.7028117887497016,0.0003101893526383096,-5.4142650855627664e-06,1.1525156687695425e-08,-8.513651394403064e-10,-8.772505467300925e-12,8.101099927231463e-13,-1.3049235328417986e-13
3.077966475812023e-08,1450,0.0162318699380955,5.510891606760124e-05,0.4156118508333964,0.0007667039949746435,-3.7763143340694443e-06,-3.8249607360525914e-08,3.3490374459481187e-10,-4.9982275601627943e-14,-3.1100142320437593e-13,-2.288919539638243e-13
3.099193830817623e-08,1460,-0.008550271453053161,0.00011323672269488027,-0.12433978308231673,0.00024647328707201756,-1.817476083530603e-06,7.917048802103811e-09,-9.968974724839053e-11,4.454653207221157e-12,2.7611723266869518e-14,-1.1184087249135917e-13
3.1204211858232235e-08,1470,0.0005874622843531818,0.0018372000696494574,0.04229268694613912,2.5299201164294914e-05,-2.39110670235549e-07,8.16359487554461e-09,1.4222429229072707e-11,-6.355184768393011e-12,4.956447408715837e-13,1.0356270424484152e-13
3.141648540828824e-08,1480,0.0014965677281445799,0.02302440549422142,-0.019554096907882224,-1.532185911522549e-05,4.083537770143338e-07,-7.1671464081815046e-09,7.0259568690568045e-12,5.004445356404137e-12,2.9341964525366004e-13,1.6426655060905213e-13
3.162875895834424e-08,1490,0.00019268589017994002,0.1604728320959283,0.005923140042544628,-1.1777053891839554e-05,2.5192691485504517e-07,2.440560874996949e-09,-5.3581011320911575e-12,-2.556131814033767e-12,2.4583030857022263e-13,6.083694198210917e-14
